{
	"XMI": {
		"Package": {
			"packageImport": [
				{
					"importedPackage": {
						"_xmi:type": "cmof:Package",
						"_href": "DI.cmof#_0"
					},
					"_xmi:type": "cmof:PackageImport",
					"_xmi:id": "_packageImport.0",
					"_importingNamespace": "_0"
				},
				{
					"importedPackage": {
						"_xmi:type": "cmof:Package",
						"_href": "DC.cmof#_0"
					},
					"_xmi:type": "cmof:PackageImport",
					"_xmi:id": "_packageImport.1",
					"_importingNamespace": "_0"
				},
				{
					"importedPackage": {
						"_xmi:type": "cmof:Package",
						"_href": "BPMN20.cmof#_0"
					},
					"_xmi:type": "cmof:PackageImport",
					"_xmi:id": "_packageImport.2",
					"_importingNamespace": "_0"
				}
			],
			"ownedMember": [
				{
					"ownedAttribute": [
						{
							"redefinedProperty": {
								"_xmi:type": "cmof:Property",
								"_href": "DI.cmof#Diagram-rootElement"
							},
							"_xmi:type": "cmof:Property",
							"_xmi:id": "BPMNDiagram-plane",
							"_name": "plane",
							"_visibility": "public",
							"_type": "BPMNPlane",
							"_isComposite": "true",
							"_association": "A_plane_diagram"
						},
						{
							"subsettedProperty": {
								"_xmi:type": "cmof:Property",
								"_href": "DI.cmof#Diagram-ownedStyle"
							},
							"_xmi:type": "cmof:Property",
							"_xmi:id": "BPMNDiagram-labelStyle",
							"_name": "labelStyle",
							"_visibility": "public",
							"_type": "BPMNLabelStyle",
							"_upper": "*",
							"_lower": "0",
							"_isComposite": "true",
							"_association": "A_labelStyle_diagram"
						}
					],
					"superClass": {
						"_xmi:type": "cmof:Class",
						"_href": "DI.cmof#Diagram"
					},
					"_xmi:type": "cmof:Class",
					"_xmi:id": "BPMNDiagram",
					"_name": "BPMNDiagram"
				},
				{
					"ownedAttribute": {
						"type": {
							"_xmi:type": "cmof:Class",
							"_href": "BPMN20.cmof#BaseElement"
						},
						"redefinedProperty": {
							"_xmi:type": "cmof:Property",
							"_href": "DI.cmof#DiagramElement-modelElement"
						},
						"_xmi:type": "cmof:Property",
						"_xmi:id": "BPMNPlane-bpmnElement",
						"_name": "bpmnElement",
						"_visibility": "public",
						"_lower": "0",
						"_association": "A_bpmnElement_plane"
					},
					"superClass": {
						"_xmi:type": "cmof:Class",
						"_href": "DI.cmof#Plane"
					},
					"_xmi:type": "cmof:Class",
					"_xmi:id": "BPMNPlane",
					"_name": "BPMNPlane"
				},
				{
					"ownedAttribute": [
						{
							"type": {
								"_xmi:type": "cmof:Class",
								"_href": "BPMN20.cmof#BaseElement"
							},
							"redefinedProperty": {
								"_xmi:type": "cmof:Property",
								"_href": "DI.cmof#DiagramElement-modelElement"
							},
							"_xmi:type": "cmof:Property",
							"_xmi:id": "BPMNShape-bpmnElement",
							"_name": "bpmnElement",
							"_visibility": "public",
							"_lower": "0",
							"_association": "A_bpmnElement_shape"
						},
						{
							"type": {
								"_xmi:type": "cmof:PrimitiveType",
								"_href": "DC.cmof#Boolean"
							},
							"_xmi:type": "cmof:Property",
							"_xmi:id": "BPMNShape-isHorizontal",
							"_name": "isHorizontal",
							"_visibility": "public",
							"_lower": "0"
						},
						{
							"type": {
								"_xmi:type": "cmof:PrimitiveType",
								"_href": "DC.cmof#Boolean"
							},
							"_xmi:type": "cmof:Property",
							"_xmi:id": "BPMNShape-isExpanded",
							"_name": "isExpanded",
							"_visibility": "public",
							"_lower": "0"
						},
						{
							"type": {
								"_xmi:type": "cmof:PrimitiveType",
								"_href": "DC.cmof#Boolean"
							},
							"_xmi:type": "cmof:Property",
							"_xmi:id": "BPMNShape-isMarkerVisible",
							"_name": "isMarkerVisible",
							"_visibility": "public",
							"_lower": "0"
						},
						{
							"subsettedProperty": {
								"_xmi:type": "cmof:Property",
								"_href": "DI.cmof#LabeledShape-ownedLabel"
							},
							"_xmi:type": "cmof:Property",
							"_xmi:id": "BPMNShape-label",
							"_name": "label",
							"_visibility": "public",
							"_type": "BPMNLabel",
							"_lower": "0",
							"_isComposite": "true",
							"_association": "A_label_shape"
						},
						{
							"type": {
								"_xmi:type": "cmof:PrimitiveType",
								"_href": "DC.cmof#Boolean"
							},
							"_xmi:type": "cmof:Property",
							"_xmi:id": "BPMNShape-isMessageVisible",
							"_name": "isMessageVisible",
							"_visibility": "public",
							"_lower": "0"
						},
						{
							"_xmi:type": "cmof:Property",
							"_xmi:id": "BPMNShape-participantBandKind",
							"_name": "participantBandKind",
							"_visibility": "public",
							"_type": "ParticipantBandKind",
							"_lower": "0"
						},
						{
							"_xmi:type": "cmof:Property",
							"_xmi:id": "BPMNShape-choreographyActivityShape",
							"_name": "choreographyActivityShape",
							"_visibility": "public",
							"_type": "BPMNShape",
							"_lower": "0",
							"_association": "A_choreographyActivityShape_participantBandShape"
						}
					],
					"superClass": {
						"_xmi:type": "cmof:Class",
						"_href": "DI.cmof#LabeledShape"
					},
					"_xmi:type": "cmof:Class",
					"_xmi:id": "BPMNShape",
					"_name": "BPMNShape"
				},
				{
					"ownedAttribute": [
						{
							"subsettedProperty": {
								"_xmi:type": "cmof:Property",
								"_href": "DI.cmof#LabeledEdge-ownedLabel"
							},
							"_xmi:type": "cmof:Property",
							"_xmi:id": "BPMNEdge-label",
							"_name": "label",
							"_visibility": "public",
							"_type": "BPMNLabel",
							"_lower": "0",
							"_isComposite": "true",
							"_association": "A_label_edge"
						},
						{
							"type": {
								"_xmi:type": "cmof:Class",
								"_href": "BPMN20.cmof#BaseElement"
							},
							"redefinedProperty": {
								"_xmi:type": "cmof:Property",
								"_href": "DI.cmof#DiagramElement-modelElement"
							},
							"_xmi:type": "cmof:Property",
							"_xmi:id": "BPMNEdge-bpmnElement",
							"_name": "bpmnElement",
							"_visibility": "public",
							"_lower": "0",
							"_association": "A_bpmnElement_edge"
						},
						{
							"type": {
								"_xmi:type": "cmof:Class",
								"_href": "DI.cmof#DiagramElement"
							},
							"redefinedProperty": {
								"_xmi:type": "cmof:Property",
								"_href": "DI.cmof#Edge-source"
							},
							"_xmi:type": "cmof:Property",
							"_xmi:id": "BPMNEdge-sourceElement",
							"_name": "sourceElement",
							"_visibility": "public",
							"_lower": "0",
							"_association": "A_sourceElement_sourceEdge"
						},
						{
							"type": {
								"_xmi:type": "cmof:Class",
								"_href": "DI.cmof#DiagramElement"
							},
							"redefinedProperty": {
								"_xmi:type": "cmof:Property",
								"_href": "DI.cmof#Edge-target"
							},
							"_xmi:type": "cmof:Property",
							"_xmi:id": "BPMNEdge-targetElement",
							"_name": "targetElement",
							"_visibility": "public",
							"_lower": "0",
							"_association": "A_targetElement_targetEdge"
						},
						{
							"_xmi:type": "cmof:Property",
							"_xmi:id": "BPMNEdge-messageVisibleKind",
							"_name": "messageVisibleKind",
							"_visibility": "public",
							"_type": "MessageVisibleKind",
							"_lower": "0"
						}
					],
					"superClass": {
						"_xmi:type": "cmof:Class",
						"_href": "DI.cmof#LabeledEdge"
					},
					"_xmi:type": "cmof:Class",
					"_xmi:id": "BPMNEdge",
					"_name": "BPMNEdge"
				},
				{
					"ownedAttribute": {
						"redefinedProperty": {
							"_xmi:type": "cmof:Property",
							"_href": "DI.cmof#DiagramElement-style"
						},
						"_xmi:type": "cmof:Property",
						"_xmi:id": "BPMNLabel-labelStyle",
						"_name": "labelStyle",
						"_visibility": "public",
						"_type": "BPMNLabelStyle",
						"_lower": "0",
						"_association": "A_labelStyle_label"
					},
					"superClass": {
						"_xmi:type": "cmof:Class",
						"_href": "DI.cmof#Label"
					},
					"_xmi:type": "cmof:Class",
					"_xmi:id": "BPMNLabel",
					"_name": "BPMNLabel"
				},
				{
					"ownedAttribute": {
						"type": {
							"_xmi:type": "cmof:DataType",
							"_href": "DC.cmof#Font"
						},
						"_xmi:type": "cmof:Property",
						"_xmi:id": "BPMNLabelStyle-font",
						"_name": "font",
						"_visibility": "public"
					},
					"superClass": {
						"_xmi:type": "cmof:Class",
						"_href": "DI.cmof#Style"
					},
					"_xmi:type": "cmof:Class",
					"_xmi:id": "BPMNLabelStyle",
					"_name": "BPMNLabelStyle"
				},
				{
					"ownedLiteral": [
						{
							"_xmi:type": "cmof:EnumerationLiteral",
							"_xmi:id": "ParticipantBandKind-top_initiating",
							"_name": "top_initiating",
							"_classifier": "ParticipantBandKind",
							"_enumeration": "ParticipantBandKind"
						},
						{
							"_xmi:type": "cmof:EnumerationLiteral",
							"_xmi:id": "ParticipantBandKind-middle_initiating",
							"_name": "middle_initiating",
							"_classifier": "ParticipantBandKind",
							"_enumeration": "ParticipantBandKind"
						},
						{
							"_xmi:type": "cmof:EnumerationLiteral",
							"_xmi:id": "ParticipantBandKind-bottom_initiating",
							"_name": "bottom_initiating",
							"_classifier": "ParticipantBandKind",
							"_enumeration": "ParticipantBandKind"
						},
						{
							"_xmi:type": "cmof:EnumerationLiteral",
							"_xmi:id": "ParticipantBandKind-top_non_initiating",
							"_name": "top_non_initiating",
							"_classifier": "ParticipantBandKind",
							"_enumeration": "ParticipantBandKind"
						},
						{
							"_xmi:type": "cmof:EnumerationLiteral",
							"_xmi:id": "ParticipantBandKind-middle_non_initiating",
							"_name": "middle_non_initiating",
							"_classifier": "ParticipantBandKind",
							"_enumeration": "ParticipantBandKind"
						},
						{
							"_xmi:type": "cmof:EnumerationLiteral",
							"_xmi:id": "ParticipantBandKind-bottom_non_initiating",
							"_name": "bottom_non_initiating",
							"_classifier": "ParticipantBandKind",
							"_enumeration": "ParticipantBandKind"
						}
					],
					"_xmi:type": "cmof:Enumeration",
					"_xmi:id": "ParticipantBandKind",
					"_name": "ParticipantBandKind"
				},
				{
					"ownedLiteral": [
						{
							"_xmi:type": "cmof:EnumerationLiteral",
							"_xmi:id": "MessageVisibleKind-initiating",
							"_name": "initiating",
							"_classifier": "MessageVisibleKind",
							"_enumeration": "MessageVisibleKind"
						},
						{
							"_xmi:type": "cmof:EnumerationLiteral",
							"_xmi:id": "MessageVisibleKind-non_initiating",
							"_name": "non_initiating",
							"_classifier": "MessageVisibleKind",
							"_enumeration": "MessageVisibleKind"
						}
					],
					"_xmi:type": "cmof:Enumeration",
					"_xmi:id": "MessageVisibleKind",
					"_name": "MessageVisibleKind"
				},
				{
					"ownedEnd": {
						"redefinedProperty": {
							"_xmi:type": "cmof:Property",
							"_href": "DI.cmof#DiagramElement-owningDiagram"
						},
						"_xmi:type": "cmof:Property",
						"_xmi:id": "A_plane_diagram-diagram",
						"_name": "diagram",
						"_visibility": "public",
						"_type": "BPMNDiagram",
						"_owningAssociation": "A_plane_diagram",
						"_association": "A_plane_diagram"
					},
					"_xmi:type": "cmof:Association",
					"_xmi:id": "A_plane_diagram",
					"_name": "A_plane_diagram",
					"_visibility": "private",
					"_memberEnd": "BPMNDiagram-plane A_plane_diagram-diagram"
				},
				{
					"ownedEnd": {
						"redefinedProperty": {
							"_xmi:type": "cmof:Property",
							"_href": "DI.cmof#A_modelElement_diagramElement-diagramElement"
						},
						"_xmi:type": "cmof:Property",
						"_xmi:id": "A_bpmnElement_edge-edge",
						"_name": "edge",
						"_visibility": "public",
						"_type": "BPMNEdge",
						"_upper": "*",
						"_lower": "0",
						"_owningAssociation": "A_bpmnElement_edge",
						"_association": "A_bpmnElement_edge"
					},
					"_xmi:type": "cmof:Association",
					"_xmi:id": "A_bpmnElement_edge",
					"_name": "A_bpmnElement_edge",
					"_visibility": "private",
					"_memberEnd": "BPMNEdge-bpmnElement A_bpmnElement_edge-edge"
				},
				{
					"ownedEnd": {
						"redefinedProperty": {
							"_xmi:type": "cmof:Property",
							"_href": "DI.cmof#A_modelElement_diagramElement-diagramElement"
						},
						"_xmi:type": "cmof:Property",
						"_xmi:id": "A_bpmnElement_shape-shape",
						"_name": "shape",
						"_visibility": "public",
						"_type": "BPMNShape",
						"_upper": "*",
						"_lower": "0",
						"_owningAssociation": "A_bpmnElement_shape",
						"_association": "A_bpmnElement_shape"
					},
					"_xmi:type": "cmof:Association",
					"_xmi:id": "A_bpmnElement_shape",
					"_name": "A_bpmnElement_shape",
					"_visibility": "private",
					"_memberEnd": "BPMNShape-bpmnElement A_bpmnElement_shape-shape"
				},
				{
					"ownedEnd": {
						"redefinedProperty": {
							"_xmi:type": "cmof:Property",
							"_href": "DI.cmof#A_modelElement_diagramElement-diagramElement"
						},
						"_xmi:type": "cmof:Property",
						"_xmi:id": "A_bpmnElement_plane-plane",
						"_name": "plane",
						"_visibility": "public",
						"_type": "BPMNPlane",
						"_upper": "*",
						"_lower": "0",
						"_owningAssociation": "A_bpmnElement_plane",
						"_association": "A_bpmnElement_plane"
					},
					"_xmi:type": "cmof:Association",
					"_xmi:id": "A_bpmnElement_plane",
					"_name": "A_bpmnElement_plane",
					"_visibility": "private",
					"_memberEnd": "BPMNPlane-bpmnElement A_bpmnElement_plane-plane"
				},
				{
					"ownedEnd": {
						"subsettedProperty": {
							"_xmi:type": "cmof:Property",
							"_href": "DI.cmof#A_ownedLabel_owningEdge-owningEdge"
						},
						"_xmi:type": "cmof:Property",
						"_xmi:id": "A_label_edge-edge",
						"_name": "edge",
						"_visibility": "public",
						"_type": "BPMNEdge",
						"_lower": "0",
						"_owningAssociation": "A_label_edge",
						"_association": "A_label_edge"
					},
					"_xmi:type": "cmof:Association",
					"_xmi:id": "A_label_edge",
					"_name": "A_label_edge",
					"_visibility": "private",
					"_memberEnd": "BPMNEdge-label A_label_edge-edge"
				},
				{
					"ownedEnd": {
						"subsettedProperty": {
							"_xmi:type": "cmof:Property",
							"_href": "DI.cmof#A_ownedLabel_owningShape-owningShape"
						},
						"_xmi:type": "cmof:Property",
						"_xmi:id": "A_label_shape-shape",
						"_name": "shape",
						"_visibility": "public",
						"_type": "BPMNShape",
						"_lower": "0",
						"_owningAssociation": "A_label_shape",
						"_association": "A_label_shape"
					},
					"_xmi:type": "cmof:Association",
					"_xmi:id": "A_label_shape",
					"_name": "A_label_shape",
					"_visibility": "private",
					"_memberEnd": "BPMNShape-label A_label_shape-shape"
				},
				{
					"ownedEnd": {
						"redefinedProperty": {
							"_xmi:type": "cmof:Property",
							"_href": "DI.cmof#A_style_diagramElement-diagramElement"
						},
						"_xmi:type": "cmof:Property",
						"_xmi:id": "A_labelStyle_label-label",
						"_name": "label",
						"_visibility": "public",
						"_type": "BPMNLabel",
						"_upper": "*",
						"_lower": "0",
						"_owningAssociation": "A_labelStyle_label",
						"_association": "A_labelStyle_label"
					},
					"_xmi:type": "cmof:Association",
					"_xmi:id": "A_labelStyle_label",
					"_name": "A_labelStyle_label",
					"_visibility": "private",
					"_memberEnd": "BPMNLabel-labelStyle A_labelStyle_label-label"
				},
				{
					"ownedEnd": {
						"redefinedProperty": {
							"_xmi:type": "cmof:Property",
							"_href": "DI.cmof#A_source_sourceEdge-sourceEdge"
						},
						"_xmi:type": "cmof:Property",
						"_xmi:id": "A_sourceElement_sourceEdge-sourceEdge",
						"_name": "sourceEdge",
						"_visibility": "public",
						"_type": "BPMNEdge",
						"_upper": "*",
						"_lower": "0",
						"_owningAssociation": "A_sourceElement_sourceEdge",
						"_association": "A_sourceElement_sourceEdge"
					},
					"_xmi:type": "cmof:Association",
					"_xmi:id": "A_sourceElement_sourceEdge",
					"_name": "A_sourceElement_sourceEdge",
					"_visibility": "private",
					"_memberEnd": "BPMNEdge-sourceElement A_sourceElement_sourceEdge-sourceEdge"
				},
				{
					"ownedEnd": {
						"redefinedProperty": {
							"_xmi:type": "cmof:Property",
							"_href": "DI.cmof#A_target_targetEdge-targetEdge"
						},
						"_xmi:type": "cmof:Property",
						"_xmi:id": "A_targetElement_targetEdge-targetEdge",
						"_name": "targetEdge",
						"_visibility": "public",
						"_type": "BPMNEdge",
						"_upper": "*",
						"_lower": "0",
						"_owningAssociation": "A_targetElement_targetEdge",
						"_association": "A_targetElement_targetEdge"
					},
					"_xmi:type": "cmof:Association",
					"_xmi:id": "A_targetElement_targetEdge",
					"_name": "A_targetElement_targetEdge",
					"_visibility": "private",
					"_memberEnd": "BPMNEdge-targetElement A_targetElement_targetEdge-targetEdge"
				},
				{
					"ownedEnd": {
						"subsettedProperty": {
							"_xmi:type": "cmof:Property",
							"_href": "DI.cmof#A_ownedStyle_owningDiagram-owningDiagram"
						},
						"_xmi:type": "cmof:Property",
						"_xmi:id": "A_labelStyle_diagram-diagram",
						"_name": "diagram",
						"_visibility": "public",
						"_type": "BPMNDiagram",
						"_owningAssociation": "A_labelStyle_diagram",
						"_association": "A_labelStyle_diagram"
					},
					"_xmi:type": "cmof:Association",
					"_xmi:id": "A_labelStyle_diagram",
					"_name": "A_labelStyle_diagram",
					"_visibility": "private",
					"_memberEnd": "BPMNDiagram-labelStyle A_labelStyle_diagram-diagram"
				},
				{
					"ownedEnd": {
						"_xmi:type": "cmof:Property",
						"_xmi:id": "A_choreographyActivityShape_participantBandShape-participantBandShape",
						"_name": "participantBandShape",
						"_visibility": "public",
						"_type": "BPMNShape",
						"_owningAssociation": "A_choreographyActivityShape_participantBandShape",
						"_association": "A_choreographyActivityShape_participantBandShape"
					},
					"_xmi:type": "cmof:Association",
					"_xmi:id": "A_choreographyActivityShape_participantBandShape",
					"_name": "A_choreographyActivityShape_participantBandShape",
					"_visibility": "private",
					"_memberEnd": "BPMNShape-choreographyActivityShape A_choreographyActivityShape_participantBandShape-participantBandShape"
				}
			],
			"_xmi:id": "_0",
			"_name": "BPMNDI",
			"_uri": "http://www.omg.org/spec/BPMN/20100524/DI-XMI",
			"__prefix": "cmof"
		},
		"Tag": [
			{
				"_xmi:id": "_1",
				"_name": "org.omg.xmi.nsPrefix",
				"_value": "bpmndi",
				"_element": "_0",
				"__prefix": "cmof"
			},
			{
				"_xmi:id": "_2",
				"_name": "org.omg.xmi.nsURI",
				"_value": "http://www.omg.org/spec/BPMN/20100524/DI-XMI",
				"_element": "_0",
				"__prefix": "cmof"
			}
		],
		"_xmi:version": "2.1",
		"_xmlns:xmi": "http://schema.omg.org/spec/XMI/2.1",
		"_xmlns:cmof": "http://schema.omg.org/spec/MOF/2.0/cmof.xml",
		"_xmlns": "",
		"__prefix": "xmi"
	}
}