{
	"XMI": {
		"Package": {
			"ownedMember": [
				{
					"_xmi:type": "cmof:PrimitiveType",
					"_xmi:id": "Boolean",
					"_name": "Boolean"
				},
				{
					"_xmi:type": "cmof:PrimitiveType",
					"_xmi:id": "Integer",
					"_name": "Integer"
				},
				{
					"_xmi:type": "cmof:PrimitiveType",
					"_xmi:id": "Real",
					"_name": "Real"
				},
				{
					"_xmi:type": "cmof:PrimitiveType",
					"_xmi:id": "String",
					"_name": "String"
				},
				{
					"ownedRule": {
						"specification": {
							"language": "OCL",
							"body": "size >=  0",
							"_xmi:type": "cmof:OpaqueExpression",
							"_xmi:id": "Font-non_negative_size-_specification"
						},
						"_xmi:type": "cmof:Constraint",
						"_xmi:id": "Font-non_negative_size",
						"_name": "non_negative_size",
						"_constrainedElement": "Font",
						"_namespace": "Font"
					},
					"ownedAttribute": [
						{
							"_xmi:type": "cmof:Property",
							"_xmi:id": "Font-name",
							"_name": "name",
							"_visibility": "public",
							"_type": "String",
							"_lower": "0",
							"_datatype": "Font"
						},
						{
							"_xmi:type": "cmof:Property",
							"_xmi:id": "Font-size",
							"_name": "size",
							"_visibility": "public",
							"_type": "Real",
							"_lower": "0",
							"_datatype": "Font"
						},
						{
							"_xmi:type": "cmof:Property",
							"_xmi:id": "Font-isBold",
							"_name": "isBold",
							"_visibility": "public",
							"_type": "Boolean",
							"_lower": "0",
							"_datatype": "Font"
						},
						{
							"_xmi:type": "cmof:Property",
							"_xmi:id": "Font-isItalic",
							"_name": "isItalic",
							"_visibility": "public",
							"_type": "Boolean",
							"_lower": "0",
							"_datatype": "Font"
						},
						{
							"_xmi:type": "cmof:Property",
							"_xmi:id": "Font-isUnderline",
							"_name": "isUnderline",
							"_visibility": "public",
							"_type": "Boolean",
							"_lower": "0",
							"_datatype": "Font"
						},
						{
							"_xmi:type": "cmof:Property",
							"_xmi:id": "Font-isStrikeThrough",
							"_name": "isStrikeThrough",
							"_visibility": "public",
							"_type": "Boolean",
							"_lower": "0",
							"_datatype": "Font"
						}
					],
					"_xmi:type": "cmof:DataType",
					"_xmi:id": "Font",
					"_name": "Font"
				},
				{
					"ownedAttribute": [
						{
							"_xmi:type": "cmof:Property",
							"_xmi:id": "Point-x",
							"_name": "x",
							"_visibility": "public",
							"_type": "Real",
							"_datatype": "Point",
							"_default": "0"
						},
						{
							"_xmi:type": "cmof:Property",
							"_xmi:id": "Point-y",
							"_name": "y",
							"_visibility": "public",
							"_type": "Real",
							"_datatype": "Point",
							"_default": "0"
						}
					],
					"_xmi:type": "cmof:DataType",
					"_xmi:id": "Point",
					"_name": "Point"
				},
				{
					"ownedAttribute": [
						{
							"_xmi:type": "cmof:Property",
							"_xmi:id": "Bounds-x",
							"_name": "x",
							"_visibility": "public",
							"_type": "Real",
							"_datatype": "Bounds",
							"_default": "0"
						},
						{
							"_xmi:type": "cmof:Property",
							"_xmi:id": "Bounds-y",
							"_name": "y",
							"_visibility": "public",
							"_type": "Real",
							"_datatype": "Bounds",
							"_default": "0"
						},
						{
							"_xmi:type": "cmof:Property",
							"_xmi:id": "Bounds-width",
							"_name": "width",
							"_visibility": "public",
							"_type": "Real",
							"_datatype": "Bounds"
						},
						{
							"_xmi:type": "cmof:Property",
							"_xmi:id": "Bounds-height",
							"_name": "height",
							"_visibility": "public",
							"_type": "Real",
							"_datatype": "Bounds"
						}
					],
					"_xmi:type": "cmof:DataType",
					"_xmi:id": "Bounds",
					"_name": "Bounds"
				}
			],
			"_xmi:id": "_0",
			"_name": "DC",
			"_uri": "http://www.omg.org/spec/DD/20100524/DC-XMI",
			"__prefix": "cmof"
		},
		"Tag": [
			{
				"_xmi:id": "_1",
				"_name": "org.omg.xmi.nsPrefix",
				"_value": "dc",
				"_element": "_0",
				"__prefix": "cmof"
			},
			{
				"_xmi:id": "_2",
				"_name": "org.omg.xmi.nsURI",
				"_value": "http://www.omg.org/spec/DD/20100524/DC-XMI",
				"_element": "_0",
				"__prefix": "cmof"
			},
			{
				"_xmi:id": "_3",
				"_name": "org.omg.xmi.schemaType",
				"_value": "http://www.w3.org/2001/XMLSchema#boolean",
				"_element": "Boolean",
				"__prefix": "cmof"
			},
			{
				"_xmi:id": "_4",
				"_name": "org.omg.xmi.schemaType",
				"_value": "http://www.w3.org/2001/XMLSchema#integer",
				"_element": "Integer",
				"__prefix": "cmof"
			},
			{
				"_xmi:id": "_5",
				"_name": "org.omg.xmi.schemaType",
				"_value": "http://www.w3.org/2001/XMLSchema#double",
				"_element": "Real",
				"__prefix": "cmof"
			}
		],
		"_xmi:version": "2.1",
		"_xmlns:xmi": "http://schema.omg.org/spec/XMI/2.1",
		"_xmlns:cmof": "http://schema.omg.org/spec/MOF/2.0/cmof.xml",
		"_xmlns": "",
		"__prefix": "xmi"
	}
}